chrlbl,citations,definition,part_of_speech,word,first_citation_date,first_citation_text,last_citation_date,last_citation_text,family
1990s+,"{'@first': 'yes', 'date': '1999', 'aut': 'S. Grafton', 'tit': 'O is for Outlaw', 'edn': '2000', 'num': '303', '#text': 'Hardly any chest hair. Kind of pussyfied in that regard'}",effeminate,adjective,pussified,1999,Hardly any chest hair. Kind of pussyfied in that regard,1999,Hardly any chest hair. Kind of pussyfied in that regard,pussy
1970s+,"{'@first': 'yes', 'date': '2000', 'tit': 'hipslang.com', '#text': '[Internet] Pussy-ass white boy on the right! Give this honkee a shirt'}","cowardly, weak",compound,pussy-ass,2000,[Internet] Pussy-ass white boy on the right! Give this honkee a shirt,2000,[Internet] Pussy-ass white boy on the right! Give this honkee a shirt,pussy
1970s,"{'@first': 'yes', 'date': '1970', 'aut': 'G. Scott-Heron', 'tit': 'Vulture', 'edn': '1996', 'num': '14', '#text': 'The crapshooters [...] risked their hard-earned pussy-bait on a flick of the wrist'}",money,compound,pussy-bait,1970,The crapshooters [...] risked their hard-earned pussy-bait on a flick of the wrist,1970,The crapshooters [...] risked their hard-earned pussy-bait on a flick of the wrist,pussy
1950s+,"{'@first': 'yes', 'date': '2001', 'aut': '‘Mystikal’', 'tit': 'Tarantula', '#text': '‘Pussy Crook’ [lyrics] on  [album] Callin all cars, callin all cars / Be on the look out for a pussy vandalism. Over / A pussy bandit / Suspect is known in many states for dickin yo woman'}",a man who is obsessed with sex and seduction,compound,pussy bandit,2001,"‘Pussy Crook’ [lyrics] on  [album] Callin all cars, callin all cars / Be on the look out for a pussy vandalism. Over / A pussy bandit / Suspect is known in many states for dickin yo woman",2001,"‘Pussy Crook’ [lyrics] on  [album] Callin all cars, callin all cars / Be on the look out for a pussy vandalism. Over / A pussy bandit / Suspect is known in many states for dickin yo woman",pussy
1950s+,"[{'@first': 'yes', 'date': '1954', 'aut': 'J. Blake', 'tit': ['Ex Post Facto', 'Joint'], 'edn': '1972', 'num': '45', '#text': 'in They were known as pussyboys, galboys, fuckboys, and all had taken girls’ names like Betty, Fifi, Dotty, etc., and were universally referred to as ‘she’ and her’'}, {'date': '1997', 'aut': 'C. Newland', 'tit': 'Scholar', 'num': '292', '#text': 'I feel say it’s time for pussy bwoy Pitt to get robbed innit?'}, {'date': '2001', 'aut': 'G. Pelecanos', 'tit': 'Right As Rain', 'num': '311', '#text': 'That what you gonna do, pussy-boy? Just walk away?'}]","a passive male homosexual, a catamite",compound,pussyboy,1954,"in They were known as pussyboys, galboys, fuckboys, and all had taken girls’ names like Betty, Fifi, Dotty, etc., and were universally referred to as ‘she’ and her’",2001,"That what you gonna do, pussy-boy? Just walk away?",pussy
1980s+,"[{'@first': 'yes', 'date': '1986', 'aut': 'Eble', 'tit': 'Campus Sl.', 'num': '7', '#text': 'Nov. pussy boy – wimp'}, {'date': '1997–2000', 'tit': 'College Sl. Research Project', '#text': '(Cal. State Poly. Uni., Pomona) [Internet] Pussy-boy (noun) Someone who is weak either physically or mentally or is a coward'}, {'@class': 'new', 'date': '2011', 'aut': 'S. Kelman', 'tit': 'Pigeon English', 'num': '57', '#text': ""All I could hear was their laughing [...] 'Pussy boy!’""}, {'@class': 'new18C', 'date': '2014', 'aut': 'Grizzy', '#text': '‘Look Like You’ [lyrics] If we get the drop pussy boy better move out'}]","a general insult, implying cowardice or homosexuality",compound,pussyboy,1986,Nov. pussy boy – wimp,2014,‘Look Like You’ [lyrics] If we get the drop pussy boy better move out,pussy
1990s+,"{'@first': 'yes', 'date': '1995', 'aut': 'Francis-Jackson', 'tit': 'Official Dancehall Dict.', 'num': '42', 'b': 'Pussy-bully', '#text': 'a male who is very sexually active; sex enthusiast'}",a male sexual athlete,compound,pussy-bully,1995,a male who is very sexually active; sex enthusiast,1995,a male who is very sexually active; sex enthusiast,pussy
None,"{'@first': 'yes', 'date': '1949', 'aut': 'Monteleone', 'tit': 'Criminal Sl.', 'edn': 'rev. edn'}",a male homosexual,compound,pussy bumper,1949,,1949,,pussy
,"{'@first': 'yes', 'date': '1967', 'aut': 'P. Thomas', 'tit': 'Down These Mean Streets', 'edn': '1970', 'num': '191', '#text': 'Unless you’re willing to kill at the exact moment you have to, you’ll be a pussy bumper for the rest of your life'}","thus, an effeminate whipping boy",compound,pussy bumper,1967,"Unless you’re willing to kill at the exact moment you have to, you’ll be a pussy bumper for the rest of your life",1967,"Unless you’re willing to kill at the exact moment you have to, you’ll be a pussy bumper for the rest of your life",pussy
None,"[{'@first': 'yes', 'date': '1950', 'aut': 'Goldin', 'tit': 'DAUL', 'num': '36/2', '#text': 'et al. Bumper (or Pussy-bumper). A moral eccentric in sex relations with women; a male oral copulator whose degeneracy extends only to women'}, {'date': '1972', 'aut': 'B. Rodgers', 'tit': 'Queens’ Vernacular'}]",a lesbian,compound,pussy bumper,1950,et al. Bumper (or Pussy-bumper). A moral eccentric in sex relations with women; a male oral copulator whose degeneracy extends only to women,1972,,pussy
2000s,"{'@class': 'edited', '@first': 'yes', 'date': '2008', 'aut': 'Simon & Burns', 'tit': 'Wire', '#text': '‘More with Less’ ser. 5 ep. 1 [TV script] ‘Pussy call.’ ‘Just glad to know Marloe has a hobby.’'}",the hiring of a prostitute,compound,pussy call,2008,‘More with Less’ ser. 5 ep. 1 [TV script] ‘Pussy call.’ ‘Just glad to know Marloe has a hobby.’,2008,‘More with Less’ ser. 5 ep. 1 [TV script] ‘Pussy call.’ ‘Just glad to know Marloe has a hobby.’,pussy
1960s+,"[{'@first': 'yes', 'date': '1957', 'aut': 'C. MacInnes', 'tit': 'City of Spades', 'edn': '1964', 'num': '98', '#text': '‘You ras-clot man — you’s wasted.’ ‘These bumble-clotmen — these pussy-clots.’'}, {'date': '1983', 'aut': 'T. White', 'tit': 'Catch a Fire', 'num': '75', '#text': 'Mr gone now, ya fockin’ bloody pussy clot!'}, {'date': '1983', 'aut': 'C. Knight', 'tit': 'We Shall Not Die', 'num': '65', '#text': 'Wha’ di pussy claat goin’ on here? Take di fuckin’ gun out of mi neck, man!'}, {'date': '1992', 'aut': 'J. Mowry', 'tit': 'Way Past Cool', 'num': '18', '#text': '‘Pussy clot!’ hissed Curtis'}, {'date': '1995', 'aut': 'G. Small', 'tit': 'Ruthless', 'num': '219', '#text': 'A youth [...] breaks off from the conversation to beckon a passing higgler. ‘Eh, bwoy! Eh, eh pussyclaat!’'}, {'date': '1997', 'aut': 'C. Newland', 'tit': 'Scholar', 'num': '255', '#text': 'Ey yuh lickle pussyclaat'}, {'@class': 'new', 'date': '2011', 'aut': 'S. Kelman', 'tit': 'Pigeon English', 'num': '13', '#text': 'Chevon Brown: Pussy clart. Two punches'}]","a general pej., a coward, an informer; also as general abusive oath",compound,pussy claat,1957,‘You ras-clot man — you’s wasted.’ ‘These bumble-clotmen — these pussy-clots.’,2011,Chevon Brown: Pussy clart. Two punches,pussy
,"[{'@first': 'yes', 'date': '1983', 'aut': 'T. White', 'tit': 'Catch a Fire', 'num': '252', '#text': 'Ta fockin’ raas wit’ dis bullrush, pussy clot double–billin’!'}, {'date': '1983', 'aut': 'C. Knight', 'tit': 'We Shall Not Die', 'num': '133', '#text': 'Wi reach too far wid dis for any pussyclaat babylon come aroun’ now'}, {'date': '1986', 'aut': 'R. Hewitt', 'tit': 'White Talk Black Talk', 'num': '183', '#text': 'You fockin’ pussyclaht machine nah!'}, {'date': '1997', 'aut': '‘Q’', 'tit': 'Deadmeat', 'num': '75', 'scaps': 'fuck yu', '#text': 'moni. Ah don’t need dis pusyclatt shit'}]",attrib. use of sense 1,compound,pussy claat,1983,"Ta fockin’ raas wit’ dis bullrush, pussy clot double–billin’!",1997,moni. Ah don’t need dis pusyclatt shit,pussy
1970s+,"[{'@first': 'yes', 'date': '1971', 'aut': 'J. Jones', 'tit': 'Merry Month of May', 'edn': '2004', 'num': '55', '#text': 'He had been a dedicated pussy-eater since the very first time he had indulged the pastime'}, {'date': '2001', 'aut': '‘Randy Everhard’', 'tit': 'Tattoo of a Naked Lady', 'num': '75', '#text': 'You’re the best pussy-eater in West Tarwater!'}, {'date': '2005', 'aut': 'J. Roux', 'tit': 'Who’s Your Daddy?', 'num': '235', '#text': 'He wasn’t the best pussy eater in either world but it wasn’t for lack of effort'}]",a cunnilinguist,compound,pussy eater,1971,He had been a dedicated pussy-eater since the very first time he had indulged the pastime,2005,He wasn’t the best pussy eater in either world but it wasn’t for lack of effort,pussy
1980s,"[{'@first': 'yes', 'date': '1980', 'aut': 'E. Folb', 'tit': 'Runnin’ Down Some Lines', 'num': '155', '#text': 'I wash good! But I jus’ don’ feel right ’bout no pussy-eatin’'}, {'date': '1999', 'aut': 'Y. Rainer', 'tit': 'A Woman Who...', 'num': '113', '#text': 'Some of my best friends are lesbians. As for pussy-eating, you’ll have to take my word for it'}, {'date': '2005', 'aut': 'J. Alexander', 'tit': 'How to Be Her Best Lover Ever', 'num': '98', '#text': 'Pussy eating comes late in the sexual intercourse game'}]",cunnilingus,compound,pussy-eating,1980,I wash good! But I jus’ don’ feel right ’bout no pussy-eatin’,2005,Pussy eating comes late in the sexual intercourse game,pussy
,"{'@first': 'yes', 'date': '1997', 'aut': 'M. Montecino', 'tit': 'Sacred Heart', 'num': '65', '#text': 'But the Commissioner was going to be there, the Archbishop, maybe even that pussy-eating Mayor'}",attrib. use of sense 1,compound,pussy-eating,1997,"But the Commissioner was going to be there, the Archbishop, maybe even that pussy-eating Mayor",1997,"But the Commissioner was going to be there, the Archbishop, maybe even that pussy-eating Mayor",pussy
1960s+,"{'@first': 'yes', 'date': '1972', 'aut': 'Milner & Milner', 'tit': 'Black Players', 'num': '34', 'i': ['pussy game', 'The Game'], '#text': 'The selling of sexual favors by women is often called the  (or sometimes just ) and is conceived to be of several levels'}",the world of prostitution,compound,pussy game,1972,The selling of sexual favors by women is often called the  (or sometimes just ) and is conceived to be of several levels,1972,The selling of sexual favors by women is often called the  (or sometimes just ) and is conceived to be of several levels,pussy
1920s,"{'@first': 'yes', 'date': '1991', 'con': '1920s', 'aut': 'O.D. Brooks', 'tit': 'Legs', 'num': '112', '#text': 'He grabbed me with his big pussy glommers, picked me up like I was a five-year-old'}",a hand,compound,pussy glommer,1991,"He grabbed me with his big pussy glommers, picked me up like I was a five-year-old",1991,"He grabbed me with his big pussy glommers, picked me up like I was a five-year-old",pussy
1970s+,"[{'@first': 'yes', 'date': '1960', 'aut': 'E. Cray', 'tit': 'Erotic Muse', 'edn': '1992', 'num': '95–6', '#text': 'in ’Twas the gath’ring o’ the clans, / And all the Scots were there, / A-skirlin’ on their bagpipes, / And strokin’ pussy hair'}, {'date': '1977', 'con': '1949', 'aut': 'J.G. Dunne', 'tit': 'True Confessions', 'edn': '1979', 'num': '66', '#text': 'A pair of panties [...] With a blond pussy hair in it'}, {'date': '1983', 'aut': 'R. Abrahams', 'tit': 'Man-of-Words in the West Indies', 'num': '68', '#text': 'When the pepper tree begin to bear / It burn off all of Jennifer’ pussy hair'}]",the female pubic hair,compound,pussy hair,1960,"in ’Twas the gath’ring o’ the clans, / And all the Scots were there, / A-skirlin’ on their bagpipes, / And strokin’ pussy hair",1983,When the pepper tree begin to bear / It burn off all of Jennifer’ pussy hair,pussy
,"[{'@first': 'yes', 'date': '1980', 'aut': 'E. Folb', 'tit': 'Runnin’ Down Some Lines', 'num': '31', '#text': 'Your momma’s so black you can’t find her pussy hole in the dark'}, {'date': '1992', 'aut': 'UGK', '#text': '‘976-Bun B’ [lyrics] I clown on hoes to leave their pussyhole frownin'}, {'date': '1995', 'aut': 'G. Small', 'tit': 'Ruthless', 'num': '192', '#text': 'Someone in the crowd didn’t like it, and they fling a bottle on him [...] He said: ‘Pussyhole [female sex organ], fling another bottle again and I will shot ounu down right now.’'}]",the vagina,compound,pussy hole,1980,Your momma’s so black you can’t find her pussy hole in the dark,1995,"Someone in the crowd didn’t like it, and they fling a bottle on him [...] He said: ‘Pussyhole [female sex organ], fling another bottle again and I will shot ounu down right now.’",pussy
None,"[{'@first': 'yes', 'date': '1994', 'aut': 'P. Baker', 'tit': 'Blood Posse', 'num': '322', '#text': 'Those pussy holes are really gonna get it'}, {'date': '1997', 'aut': '‘Q’', 'tit': 'Deadmeat', 'num': '259', '#text': '‘Fuck dem pussy ’oles,’ said Froggy, looking at the cowboys'}, {'date': '2008', 'aut': 'A. Wheatle', 'tit': 'Dirty South', 'num': '99', '#text': 'I’m just kinda wondering why you linked him in the first place. He’s a pussy-hole'}, {'@class': 'new N331', 'date': '2016', 'tit': 'Guardian Guide', 'num': '11/1', '#text': '21 May He seems like a proper pussyhole'}, {'@class': 'new17C', 'date': '2013', 'tit': 'Jamaica Patwah', '#text': '24 Sept. [Internet] ‘Pussyhole, go suck yuh mada’ = ‘Motherfucker, go fuck yourself’'}, {'@class': 'new16 uk', 'date': '2016', 'aut': 'Skepta', '#text': '‘Lyrics’ [lyrics] Tell a pussyhole look sharp, fix up'}]","a general term of abuse, i.e.",compound,pussy hole,1994,Those pussy holes are really gonna get it,2016,"‘Lyrics’ [lyrics] Tell a pussyhole look sharp, fix up",pussy
,"[{'@first': 'yes', 'date': '2001', 'con': '1981', 'aut': 'A. Wheatle', 'tit': 'East of Acre Lane', 'num': '114', '#text': 'Friggin’ pussy’ole beast dem, he cursed inwardly'}, {'date': '2008', 'aut': 'A. Wheatle', 'tit': 'Dirty South', 'num': '182', '#text': 'Just wanna duppy one of them. The pussyhole leader'}, {'@class': 'new', 'date': '2011', 'tit': 'Guardian', '#text': '8 Aug. [Internet] We don’t need pussyhole feds to run the streets and put our brothers in jail so tool up'}]",attrib. use of sense 2,compound,pussy hole,2001,"Friggin’ pussy’ole beast dem, he cursed inwardly",2011,8 Aug. [Internet] We don’t need pussyhole feds to run the streets and put our brothers in jail so tool up,pussy
1970s+,"[{'@first': 'yes', 'date': '1975', 'aut': 'E. Torres', 'tit': 'Carlito’s Way', 'num': '7', '#text': 'I was a big pussy-hound'}, {'date': '1989', 'aut': 'J. Morton', 'tit': 'Lowspeak'}, {'date': '1997', 'con': '1970s', 'aut': 'G. Pelecanos', 'tit': 'King Suckerman', 'edn': '1998', 'num': '169', '#text': 'It would be just like a pussy hound like you to pick out a tube top'}]",a man who is obsessed with the pursuit of sex,compound,pussy-hound,1975,I was a big pussy-hound,1997,It would be just like a pussy hound like you to pick out a tube top,pussy
1960s+,"[{'@first': 'yes', 'date': '1967', 'aut': 'C. Cooper Jr', 'tit': 'Farm', 'edn': '1968', 'num': '158', '#text': 'I began to think [...] how my hips would move against her and me upfront stir her pussy-liquids'}, {'date': '1988', 'aut': 'N. Eastwood', 'tit': 'Gardener Got Her', 'num': 'n.p.', '#text': 'Lucy screamed with pleasure and soaked his face with sizzling pussy juice'}, {'date': '2002', 'aut': 'Sandmann', 'tit': 'Planet Sex Stories', '#text': '‘Burning Down the House’  [Internet] I reached up and touched Jolene’s cunt and it was gushing plenty of pussy juice'}]",vaginal secretions,compound,pussy juice,1967,I began to think [...] how my hips would move against her and me upfront stir her pussy-liquids,2002,‘Burning Down the House’  [Internet] I reached up and touched Jolene’s cunt and it was gushing plenty of pussy juice,pussy
1960s,"{'@first': 'yes', 'date': '1967', 'aut': 'N. Mailer', 'tit': 'Why Are We in Vietnam?', 'edn': '1970', 'num': '123', '#text': 'You ain’t seen the day you was strong enough to unzip it out of your pants around me, pussy kisser'}","a general insult, lit. a cunnilinguist",compound,pussy-kisser,1967,"You ain’t seen the day you was strong enough to unzip it out of your pants around me, pussy kisser",1967,"You ain’t seen the day you was strong enough to unzip it out of your pants around me, pussy kisser",pussy
1960s,"[{'@first': 'yes', 'date': '1969', 'aut': 'J. Crumley', 'tit': 'One to Count Cadence', 'edn': '1987', 'num': '90', '#text': 'Maybe I’ll [...] bust his pussylick face for him'}, {'date': '1971', 'aut': 'T. Thackrey', 'tit': 'Thief', 'num': '246', '#text': 'I need you for moral support, you old pussy-lapper, you!'}, {'date': '2001', 'con': '1964–8', 'aut': 'J. Ellroy', 'tit': 'Cold Six Thousand', 'num': '647', '#text': 'Sirhan called him a ‘pussylicker.’ Sirhan called him a ‘vampire Jew’'}]","a general term of abuse, lit. a cunnilinguist; thus  adj",compound,pussylicker,1969,Maybe I’ll [...] bust his pussylick face for him,2001,Sirhan called him a ‘pussylicker.’ Sirhan called him a ‘vampire Jew’,pussy
1980s,"{'@first': 'yes', 'date': '1989', 'aut': 'C. Hiaasen', 'tit': 'Skin Tight', 'num': '192', '#text': 'It was your idea to meet at this pussy parlor'}",a striptease club,compound,pussy-parlor,1989,It was your idea to meet at this pussy parlor,1989,It was your idea to meet at this pussy parlor,pussy
1960s+,"[{'@class': 'new19B', '@first': 'yes', 'date': '1967', 'tit': 'Coventry Eve. Teleg.', 'num': '28/3', '#text': '10 Apr.  Pussy Pelmet [i.e. a race horse] got home by two lengths at Doncaster on the opening day of the season'}, {'@class': 'new19B', 'date': '1967', 'tit': 'Observer', 'num': 'n.p.', '#text': '27 Aug. ‘Newest name for microskirt is pussy-pelmet, according to a Jamican girl-friend’'}, {'date': '1989', 'aut': 'J. Morton', 'tit': 'Lowspeak'}, {'date': '1996', 'aut': 'K. Lette', 'tit': 'Mad Cows', 'num': '67', '#text': 'Wearing a knicker-skimming miniskirt — what Gillian called a pussy-pelmet — and white stilettoes'}, {'@class': 'new19B', 'date': '2007', 'aut': 'J. Hardy', 'tit': 'Unforgiven', 'num': '164', '#text': 'The girl, who is wearing nothing but a pussy pelmet and crop top'}]",a very short miniskirt,compound,pussy-pelmet,1967,10 Apr.  Pussy Pelmet [i.e. a race horse] got home by two lengths at Doncaster on the opening day of the season,2007,"The girl, who is wearing nothing but a pussy pelmet and crop top",pussy
1940s,"{'@first': 'yes', 'date': '1977', 'con': '1949', 'aut': 'J.G. Dunne', 'tit': 'True Confessions', 'edn': '1979', 'num': '173', '#text': '‘You pimp for Lois Fazenda?’ [...] ‘Pussy pictures, that’s all I did with her.’'}",a pornographic photograph of a woman,compound,pussy picture,1977,"‘You pimp for Lois Fazenda?’ [...] ‘Pussy pictures, that’s all I did with her.’",1977,"‘You pimp for Lois Fazenda?’ [...] ‘Pussy pictures, that’s all I did with her.’",pussy
1970s+,"[{'@first': 'yes', 'date': '1972', 'aut': 'B. Rodgers', 'tit': 'Queens’ Vernacular', 'num': '206', 'b': 'pussy patrol', '#text': 'the vice squad [...] Syn:'}, {'date': '1973', 'aut': 'E. Droge', 'tit': 'Patrolman', 'num': '194', '#text': 'Before I worked in PMTF, the ‘pussy posse,’ I had assumed that all the good-looking hookers were indoors'}, {'date': '1975', 'aut': 'N. De Mille', 'tit': 'Smack Man', 'edn': '1991', 'num': '34', '#text': 'Never got the clap, never got pregnant. Hardly ever got rounded up by the pussy posse'}, {'date': '1981', 'aut': 'H. Gould', 'tit': 'Fort Apache, The Bronx', 'num': '176', '#text': '‘Let’s go on the pussy posse, first,’ Corelli said. They drove over to the Hunts Point market where at least twenty or thirty hookers could be found every day'}, {'date': '1981', 'aut': 'A.K. Shulman', 'tit': 'On the Stroll', 'num': '125', '#text': 'Down the street rolled the plain green Chevy Prince knew as the wheels of the pussy posse'}, {'date': '1989', 'aut': 'J. Morton', 'tit': 'Lowspeak'}]","the Vice Squad, esp. those members who deal with prostitutes",compound,pussy posse,1972,the vice squad [...] Syn:,1989,,pussy
1990s+,"{'@first': 'yes', 'date': '1995', 'aut': 'Francis-Jackson', 'tit': 'Official Dancehall Dict.', 'num': '42', 'b': 'Pussy-printer', '#text': 'form-hugging shorts. Type of shorts worn so tight it actually shows off the shape of the pubic area'}",shorts so tight they outline the genital area,compound,pussy-printer,1995,form-hugging shorts. Type of shorts worn so tight it actually shows off the shape of the pubic area,1995,form-hugging shorts. Type of shorts worn so tight it actually shows off the shape of the pubic area,pussy
1980s,"{'@first': 'yes', 'date': '1981', 'aut': 'J. Wambaugh', 'tit': 'Glitter Dome', 'edn': '1982', 'num': '261', '#text': 'All the doctors around here’re pussy probers, seems to me'}",a gynaecologist,compound,pussy prober,1981,"All the doctors around here’re pussy probers, seems to me",1981,"All the doctors around here’re pussy probers, seems to me",pussy
1970s,"{'@first': 'yes', 'date': '1972', 'aut': 'B. Rodgers', 'tit': 'Queens’ Vernacular'}",a heterosexual,compound,pussy pusher,1972,,1972,,pussy
1960s–80s,"[{'@first': 'yes', 'date': '1966', 'aut': 'Trimble', 'tit': '5000 Adult Sex Words and Phrases', 'num': '169', 'scaps': 'pussy queer', '#text': '(Vulg.) A lesbian'}, {'date': '1982', 'tit': 'Maledicta', 'num': '132', 'b': 'Pussy queer or queen', '#text': 'VI:1+2 (Summer/Winter)'}]",a lesbian,compound,pussy queer,1966,(Vulg.) A lesbian,1982,VI:1+2 (Summer/Winter),pussy
1920s+,"{'@first': 'yes', 'date': '1991', 'con': '1920s', 'aut': 'O.D. Brooks', 'tit': 'Legs', 'num': '197', '#text': 'As soon as I get over being pussy-struck I’ll be long gone'}",obsessed by sex,compound,pussy-struck,1991,As soon as I get over being pussy-struck I’ll be long gone,1991,As soon as I get over being pussy-struck I’ll be long gone,pussy
1990s+,"{'@first': 'yes', 'date': '1994', 'aut': 'P. Baker', 'tit': 'Blood Posse', 'num': '229', '#text': '‘Hey, you a pussy sucker,’ I cursed [...] ‘Love it, too [...] That juice just dribbling down your face.’'}",a cunnilinguist,compound,pussy sucker,1994,"‘Hey, you a pussy sucker,’ I cursed [...] ‘Love it, too [...] That juice just dribbling down your face.’",1994,"‘Hey, you a pussy sucker,’ I cursed [...] ‘Love it, too [...] That juice just dribbling down your face.’",pussy
1940s+,"[{'@first': 'yes', 'date': '1967', 'aut': 'P. Thomas', 'tit': 'Down These Mean Streets', 'edn': '1970', 'num': '138', '#text': '‘You think I oughtta shave my pussy tickler? It don’t look too good in the picture.’ ‘What mustache you talkin’ about?’'}, {'date': '1987', 'aut': 'R. Campbell', 'tit': 'Alice in La-La Land', 'edn': '1999', 'num': '53', '#text': 'Very pretty, very Valentino [...] Little pussy tickler on his lip'}, {'date': '1998', 'aut': 'J. Baker', 'tit': 'King of the Streets', 'edn': '1999', 'num': '242', '#text': 'He had a pussy tickler on his top lip'}]",a moustache,compound,pussy tickler,1967,‘You think I oughtta shave my pussy tickler? It don’t look too good in the picture.’ ‘What mustache you talkin’ about?’,1998,He had a pussy tickler on his top lip,pussy
1950s+,"[{'@first': 'yes', 'date': '1999', 'aut': 'E. Bunker', 'tit': 'Mr Blue', 'num': '248', '#text': 'Flip had ‘pussy-whipped’ him, which she could do if any woman ever could'}, {'date': '2002', 'aut': 'D.H. Sterry', 'tit': 'Chicken', 'edn': '2003', 'num': '173', '#text': 'Cum awn by when you done gittin’ pussy-whipped'}]","of a woman, to dominate one’s husband or partner",compound,pussy whip,1999,"Flip had ‘pussy-whipped’ him, which she could do if any woman ever could",2002,Cum awn by when you done gittin’ pussy-whipped,pussy
1960s+,"[{'@first': 'yes', 'date': '1966', 'tit': 'Current Sl.', 'num': '4/1', 'i': 'Pussy whipped', '#text': 'I:1  A male dominated by a female'}, {'date': '1967', 'aut': 'M. Braly', 'tit': 'On the Yard', 'edn': '2002', 'num': '342', '#text': 'Hopefulness continued to come to him like some beautiful bitch who had him pussy whipped'}, {'date': '1967–8', 'aut': 'Baker', 'tit': 'CUSS', 'num': ['136', '167'], 'i': ['Hen whipped', 'P.W.’ed', 'Pussywhipped'], '#text': 'et al.  [...]. [Ibid.]  /  / Be excessively submissive to your girl friend'}, {'date': '1973', 'aut': 'G.V. Higgins', 'tit': 'Digger’s Game', 'edn': '1981', 'num': '127', '#text': 'Brennan’s pussy-whipped [...] Afraid his wife’s gonna find out'}, {'date': '1983', 'aut': 'S. King', 'tit': 'Christine', 'num': '378', '#text': 'His rotten shitting old man who was so fucking pussywhipped'}, {'@class': 'N331', 'date': '1987', 'aut': 'R. Campbell', 'tit': 'Alice in La-La Land', 'edn': '1999', 'num': '109', '#text': '‘You think Whistler’s pussy-whipped?’ ‘I don’t think he’s even had a taste yet.’'}, {'@class': 'N331', 'date': '1989', 'aut': 'H. Rawson', 'tit': 'Dict. of Invective', 'edn': '1991', 'num': '315', 'i': 'pussy-whipped', '#text': '(of a man, to be bossed around by a woman or simply henpecked)'}, {'date': '1992', 'aut': 'K. Lette', 'tit': 'Llama Parlour', 'num': '137', '#text': 'She’s a bitch, basically. And my father is pussy-whipped'}, {'date': '1993', 'aut': 'Eble', 'tit': 'Campus Sl.', 'num': '4', '#text': 'Apr. p-whipped – pussy whipped'}, {'@class': 'N331', 'date': '1999', 'tit': 'Guardian', 'num': '22', '#text': 'G2 16 Aug. You’re pussy-whipped and you don’t even know it'}, {'date': '2000', 'tit': 'Guardian', 'num': '3', '#text': 'Weekend 15 Jan. You’re a worthless, pussy-whipped wuss'}, {'@class': 'new', 'date': '2002', 'aut': 'R.G. Barrett', 'tit': 'Mystery Bay Blues', 'num': '12', '#text': 'Despite all Edwin’s machismo and style, he was more than a little pussy whipped'}, {'date': '2004', 'aut': 'P. Howard', 'tit': 'PS, I Scored the Bridesmaids', 'num': '156', '#text': 'This goy is totally pussy-whipped'}, {'@class': 'new', 'date': '2010', 'aut': 'K. Richards', 'tit': 'Life', 'num': '201', '#text': 'Big mama fear [...] Which didn’t mean they were soft or pussy whipped. It was the respect for their mothers'}]","dominated by a woman, esp. a wife or girlfriend",compound,pussy-whipped,1966,I:1  A male dominated by a female,2010,Big mama fear [...] Which didn’t mean they were soft or pussy whipped. It was the respect for their mothers,pussy
1980s,"[{'@first': 'yes', 'date': '1980', 'aut': 'E. Folb', 'tit': 'Runnin’ Down Some Lines', 'num': '126', 'i': 'pussy-whipped', '#text': 'Expressions like [...] mean to be deeply infatuated or in love with another'}, {'date': '1983', 'aut': 'Eble', 'tit': 'Campus Sl.', 'num': '4', '#text': 'Nov. pussy-whipped – dating only one girl: You don’t party like you used to. You must be pussy-whipped'}]","besotted with, infatuated by",compound,pussy-whipped,1980,Expressions like [...] mean to be deeply infatuated or in love with another,1983,Nov. pussy-whipped – dating only one girl: You don’t party like you used to. You must be pussy-whipped,pussy
,"{'@class': 'new', '@first': 'yes', 'date': '2003', 'aut': 'Simon & Burns', 'tit': 'Wire', '#text': '‘Ebb Tide’ ser. 2 ep. 1 [TV script] You’re fuckin’ whipped. Pussy-whipped agin’ an inch of your life'}","in non-marital contexts, subservient",compound,pussy-whipped,2003,‘Ebb Tide’ ser. 2 ep. 1 [TV script] You’re fuckin’ whipped. Pussy-whipped agin’ an inch of your life,2003,‘Ebb Tide’ ser. 2 ep. 1 [TV script] You’re fuckin’ whipped. Pussy-whipped agin’ an inch of your life,pussy
1940s+,"[{'@first': 'yes', 'date': '1949', 'aut': 'Monteleone', 'tit': 'Criminal Sl.', 'edn': 'rev. edn', 'num': '195', 'scaps': 'pussy bumping', '#text': 'Sexual variance'}, {'date': '1963', 'aut': 'J. Blake', 'tit': 'Joint', 'edn': '1972', 'num': '221', '#text': 'letter 7 Sept. in I might have known it. A couple of faggots bumpin’ pussies'}, {'date': '1967', 'aut': 'M. Braly', 'tit': 'On the Yard', 'edn': '2002', 'num': '300', '#text': 'What would we [i.e. two homosexuals] do — bump pussies?'}, {'date': '1981', 'aut': 'H. Gould', 'tit': 'Fort Apache, The Bronx', 'num': '191101', '#text': 'Bumpin’ pussy and gettin’ high, huh, Charlotte'}, {'date': '2005', 'con': '1950s', 'aut': 'E. White', 'tit': 'My Lives', 'num': '110', '#text': '‘And do what together? [...] Two big girls? [i.e. male homosexuals] Bump pussies?’'}]","of male homosexuals or lesbians, to have sexual intercourse",phrase,bump pussies,1949,Sexual variance,2005,‘And do what together? [...] Two big girls? [i.e. male homosexuals] Bump pussies?’,pussy
1960s–70s,"[{'@first': 'yes', 'date': '1963', 'aut': 'J. Rechy', 'tit': 'City of Night', 'num': '289', '#text': 'The lay-est thing in the world a queen wants is to make it with what turns out to be huh sistuh [...] It’s exaayctly lak bumpin pussies'}, {'date': '1972', 'aut': 'B. Rodgers', 'tit': 'Queens’ Vernacular', 'num': '38', '#text': 'bumping pussies the embarassing of two homosexual men who find themselves too passive, active, or in other ways too similar to create a sexual situation'}]","of male homosexuals, to find themselves too similar in their sexual preferences (e.g. both passive or both active) to have satisfactory sex",phrase,bump pussies,1963,The lay-est thing in the world a queen wants is to make it with what turns out to be huh sistuh [...] It’s exaayctly lak bumpin pussies,1972,"bumping pussies the embarassing of two homosexual men who find themselves too passive, active, or in other ways too similar to create a sexual situation",pussy
1960s+,"{'@first': 'yes', 'date': '1983', 'aut': 'R. Klein', 'tit': 'Jailhouse Jargon and Street Sl.', '#text': '[unpub. ms.]'}","of a woman, to flaunt oneself sexually",phrase,fan one’s pussy,1983,[unpub. ms.],1983,[unpub. ms.],pussy
19C+,"[{'@first': 'yes', 'date': '1823', 'aut': '‘Jon Bee’', 'tit': 'Dict. of the Turf, the Ring, the Chase, etc.', 'num': '22', '#text': '’Tis quite the contrary when [a lady] ‘feeds her pussey-cat.’ Then it is the secrets are put in the sack'}, {'date': '1890–1904', 'aut': 'Farmer & Henley', 'tit': 'Sl. and Its Analogues'}, {'date': '1896', 'aut': 'Farmer', 'tit': 'Vocabula Amatoria', 'edn': '1966', 'num': '171', 'scaps': 'Laisser aller (se)', '#text': '. To copulate; ‘to feed or trot out one’s pussy’'}, {'date': '1980', 'tit': 'Maledicta', 'num': '197', 'b': ['trot out one’s pussy', 'to have fed her pussy'], '#text': 'IV:2 (Winter) Those derived from the words for the penis or vulva include to [...]  [...] When Eblis has caused a moisture to flow, […] she is said'}]","of a woman, to have sexual intercourse",phrase,feed one’s pussy,1823,’Tis quite the contrary when [a lady] ‘feeds her pussey-cat.’ Then it is the secrets are put in the sack,1980,"IV:2 (Winter) Those derived from the words for the penis or vulva include to [...]  [...] When Eblis has caused a moisture to flow, […] she is said",pussy
20C+,"{'@first': 'yes', 'date': '1980', 'aut': 'E. Folb', 'tit': 'Runnin’ Down Some Lines', 'num': '238', 'b': ['fuck up', 'one’s', 'pussy'], 'i': 'block', '#text': '()  See cock'}","to interfere with a rival, a companion’s efforts at seducing a woman",phrase,fuck up someone’s pussy,1980,()  See cock,1980,()  See cock,pussy
1950s+,"[{'@first': 'yes', 'date': '1959', 'aut': 'D. Niland', 'tit': 'Big Smoke', 'num': '164', '#text': 'You do that again and you won’t get any pussy for I don’t know how long'}, {'date': '1980', 'aut': 'E. Folb', 'tit': 'Runnin’ Down Some Lines', 'num': '240', 'b': 'pussy', '#text': 'get some [...]  Engage in sexual intercourse'}]","of a man, to have sexual intercourse",phrase,get some pussy,1959,You do that again and you won’t get any pussy for I don’t know how long,1980,get some [...]  Engage in sexual intercourse,pussy
1980s,"[{'@first': 'yes', 'date': '1985', 'aut': 'O. Hawkins', 'tit': 'Chili', 'num': '95', '#text': 'I hope she ain’t giving up too much pussy'}, {'@class': 'new', 'date': '2011', 'aut': 'G. Hayward', 'tit': 'Corruption Officer', 'num': '10', '#text': '[ebk] cap. Some of his boys have gotten chick C.O.s to bring them in weed, razors and all sorts of things. Some even gave up the pussy'}]","of a woman, to have sexual intercourse",phrase,give up pussy,1985,I hope she ain’t giving up too much pussy,2011,"[ebk] cap. Some of his boys have gotten chick C.O.s to bring them in weed, razors and all sorts of things. Some even gave up the pussy",pussy
1990s+,"{'@first': 'yes', 'date': '2003', 'aut': 'Pariah', 'tit': 'VBHeaven', '#text': '‘FFA Battle...join in’ 17 Sept. on  Freestyle Forum [Internet] Play pussy and get fucked like a virgin in the projects / if i need my beef handle, I got plenty of prospects'}",to act weakly and to suffer as a result,phrase,play pussy and get fucked,2003,"‘FFA Battle...join in’ 17 Sept. on  Freestyle Forum [Internet] Play pussy and get fucked like a virgin in the projects / if i need my beef handle, I got plenty of prospects",2003,"‘FFA Battle...join in’ 17 Sept. on  Freestyle Forum [Internet] Play pussy and get fucked like a virgin in the projects / if i need my beef handle, I got plenty of prospects",pussy
1960s+,"{'@first': 'yes', 'date': '1996', 'tit': 'AdultFriendFinder.com', '#text': 'Forum ‘Cybersex...cheating or not?’ [Internet] I give him my unpublished number and we go at it. He tells me what he wants me to do to him and he can hear me poke my pussy with my various ‘toys’'}","of a woman, to masturbate",phrase,poke one’s pussy,1996,Forum ‘Cybersex...cheating or not?’ [Internet] I give him my unpublished number and we go at it. He tells me what he wants me to do to him and he can hear me poke my pussy with my various ‘toys’,1996,Forum ‘Cybersex...cheating or not?’ [Internet] I give him my unpublished number and we go at it. He tells me what he wants me to do to him and he can hear me poke my pussy with my various ‘toys’,pussy
2000s,"{'@first': 'yes', 'date': '2007', 'aut': 'UGK', '#text': '‘Trill Niggaz Don’t Die’ [lyrics] For the girls popping pussy, and the boys with the blow / Cadillac’ers and flat-backers'}",to work as a prostitute,phrase,pop pussy,2007,"‘Trill Niggaz Don’t Die’ [lyrics] For the girls popping pussy, and the boys with the blow / Cadillac’ers and flat-backers",2007,"‘Trill Niggaz Don’t Die’ [lyrics] For the girls popping pussy, and the boys with the blow / Cadillac’ers and flat-backers",pussy
1960s+,"{'@first': 'yes', 'date': '1983', 'aut': 'R. Klein', 'tit': 'Jailhouse Jargon and Street Sl.', '#text': '[unpub. ms.]'}",sardines sold in a can at a prison commissary,phrase,pussy in a can,1983,[unpub. ms.],1983,[unpub. ms.],pussy
1960s+,"[{'@first': 'yes', 'date': '1969', 'aut': '‘Iceberg Slim’', 'tit': 'Pimp', 'num': '289', '#text': 'I’m not going to pussy out [...] I could do a month in here'}, {'date': '1978', 'aut': 'R. Price', 'tit': 'Ladies’ Man', 'edn': '1985', 'num': '189', '#text': 'I wanted to ask her to come back with me right then, but I pussied out'}, {'date': '1981', 'con': '1967', 'aut': 'P. Conroy', 'tit': 'Lords of Discipline', 'num': '369', '#text': 'Don’t pussy out on us now'}, {'date': '1993', 'aut': 'J. Mowry', 'tit': 'Six Out Seven', 'edn': '1994', 'num': '491', '#text': 'Prince Cheetah wasn’t going to puss-out this time!'}, {'date': '1997', 'aut': 'N. Barlay', 'tit': 'Curvy Lovebox', 'num': '146', '#text': 'You’re just pussyin’ out'}, {'date': '2000', 'tit': 'Indep.', 'num': '7', '#text': 'Rev. 8 Mar. Are you going to do it – or pussy out?'}, {'date': '2008', 'aut': 'A. Wheatle', 'tit': 'Dirty South', 'num': '188', '#text': 'Should I follow them? [...] Of course I should track their black asses! You think Noel would have pussied out'}, {'@class': 'new', 'date': '2011', 'aut': 'S. Kelman', 'tit': 'Pigeon English', 'num': '55', '#text': 'Don’t try and pussy out. You can’t [...] not do the dare'}, {'@class': 'new16', 'date': '2016', 'aut': 'A. Wheatle', 'tit': 'Crongton Knights', 'num': '7', '#text': '‘Then deal with your problem instead of pussying out’'}, {'@class': 'new19B', 'date': '2019', 'aut': 'N. Walker', 'tit': 'Cherry', 'num': '152', '#text': 'I was pretty sure I was about to die but it would have been lame if I’d pussied out, so I flicked the safety switch to burst and I didn’t think about it'}]","to act in a cowardly manner, to give up under pressure",phrase,pussy out,1969,I’m not going to pussy out [...] I could do a month in here,2019,"I was pretty sure I was about to die but it would have been lame if I’d pussied out, so I flicked the safety switch to burst and I didn’t think about it",pussy
1970s+,"[{'@class': 'new17A', '@first': 'yes', 'date': '1972', 'aut': 'E. Folb', 'tit': 'Urban Black Argot', 'num': '144', '#text': 'Ride Pussy / Punk / the Bitch’s Seat to ride in the front of the car between two other males'}, {'date': '1980', 'aut': 'E. Folb', 'tit': 'Runnin’ Down Some Lines', 'num': '162', 'i': ['ride pussy', 'punk', 'the bitch’s seat'], '#text': 'To // defines a manipulative ploy whereby a young man finds himself [...] forced to ride in a car ‘on the hump,’ where the woman is supposed to ride'}]",to sit in the middle of the back seat in a car,phrase,ride pussy,1972,Ride Pussy / Punk / the Bitch’s Seat to ride in the front of the car between two other males,1980,"To // defines a manipulative ploy whereby a young man finds himself [...] forced to ride in a car ‘on the hump,’ where the woman is supposed to ride",pussy
1960s+,"{'@first': 'yes', 'date': '1990', 'aut': 'S. Morgan', 'tit': 'Homeboy', 'num': '4', '#text': 'Why not [...] sling pussy on Sunset Strip'}",to work as a prostitute,phrase,sling pussy,1990,Why not [...] sling pussy on Sunset Strip,1990,Why not [...] sling pussy on Sunset Strip,pussy
1980s+,"[{'@first': 'yes', 'date': '1986', 'aut': 'Anquette', '#text': '[song title] Throw the P'}, {'date': '1994', 'aut': 'G. Smitherman', 'tit': 'Black Talk'}]","of a woman, to have sexual intercourse",phrase,throw the P,1986,[song title] Throw the P,1994,,pussy
20C+,"{'@first': 'yes', 'date': '1997', 'aut': 'Share', 'tit': 'Slanguage'}",never,phrase,not while pussy’s a cat,1997,,1997,,pussy
18C+,"[{'@first': 'yes', 'date': '1699', 'aut': 'D’Urfey', 'edn': '1719', 'tit': 'Pills to Purge Melancholy', 'num': '82', 'i': 'Johnny', '#text': 'in  II As fleet as my Feet, / Could convey me I sped, / To  who many / Times Pussey had fed'}, {'@class': 'uk', 'circa': '1840', '#text': '‘Cat’ [broadsheet ballad] A desperate battle between them [i.e. two copulating lovers] was fought / And John kept knocking poor pussy about'}, {'@class': 'new17C', 'date': '1849', 'tit': 'Sam Sly', 'num': '2/3', '#text': '3 Mar.  Tom H—e, Thomas F—s, and William Wr—t, not to be so fond of playing ‘pussy’ so much with the gals.'}, {'date': '1879', 'tit': 'Pearl', 'num': '19', '#text': '‘Lady Pokingham’ in  1 July Where’s your hand? here, put it there; can’t you feel the hair just beginning to grow on my pussey?'}, {'date': '1888–94', 'aut': '‘Walter’', 'tit': 'My Secret Life', 'edn': '1966', 'num': '1050', '#text': 'V Sure and ye’ll say ye niver seed such a pussy as moine'}, {'@class': 'new19C', 'date': '1893', 'aut': '‘Bob Sterling’', 'tit': 'Town-Bull', 'num': '113', '#text': '‘How is Pussey?’ [...] ‘Pussey is hot [...] She wants stroking’'}, {'@class': 'new19C', 'date': '1896', 'tit': 'Sheaves from an Old Escritoire', 'num': '49', '#text': 'When her pussie had been worked to a certain pitch, the girl [...] would squirt jets of perfumed water into the burning cunt'}, {'@class': 'N331', 'date': '1896', 'aut': 'Farmer', 'tit': 'Vocabula Amatoria', 'edn': '1966', 'num': '14', 'scaps': 'Angora', 'i': ['m', 'pudendum'], '#text': ', . The female ; ‘the pussy’'}, {'@class': 'new19C', 'date': '1899', 'tit': 'Crissie', 'num': '109', '#text': '‘Hillo, Criss, give us a kiss! How’s yer pussy after last night?’'}, {'date': '1904', 'tit': 'Lustful Memoirs of a Young and Passionated Girl', 'num': '20', '#text': 'No, you are not old enough nor large enough now, but it won’t be long [...] before your pussy will be able to take in one as big as that'}, {'circa': '1910', 'aut': 'P. Smith', 'tit': 'Letter from My Father', 'edn': '1978', 'num': '38', '#text': 'in Nan’s cunt was the first pussy that I ever had my fingers in'}, {'date': '1927', 'aut': '‘J.M. Hall’', 'tit': 'Anecdota Americana', 'num': '137', '#text': 'I I put his hand on my pussy, and he got up and washed himself!'}, {'@class': 'new', 'date': '1931', 'aut': 'H. Roy', '#text': '‘My Girl’s Pussy’ [lyrics] I stroke it every chance I get, it’s my girl’s pussy. / It’s never dirty, always clean, it’s the best I’ve ever seen — is my girl’s pussy'}, {'date': '1934', 'aut': 'H. Miller', 'tit': 'Tropic of Cancer', 'edn': '1963', 'num': '43', '#text': 'She commenced rubbing her pussy affectionately, stroking it with her two hands'}, {'date': '1946', 'aut': 'Mezzrow & Wolfe', 'tit': 'Really the Blues', 'num': '85', '#text': 'The cash customers were hotter than a pussy with the pox'}, {'@class': 'N331', 'date': '1947', 'aut': 'C. Willingham', 'tit': 'End as a Man', 'edn': '1952', 'num': '145', '#text': 'Psst! Do you want a piece of pussy?'}, {'@class': 'new19C', 'circa': '1950', 'tit': 'Nunnery versus Fuckery', 'num': '24', '#text': 'Over-joyed by the sensations that the red-head’s little pussy was causing to shoot up and down his sensitive prick-shaft'}, {'date': '1959', 'aut': 'D. Niland', 'tit': 'Big Smoke', 'num': '162', '#text': 'Who’s got the lips I love to kiss and the pussy I love to tickle!'}, {'date': '1964', 'aut': 'R. Abrahams', 'tit': 'Deep Down In The Jungle', 'num': '51', '#text': 'I hate to talk about your mother, / She’s a good old soul. / She’s got a ten-ton pussy / And a rubber asshole'}, {'date': '1973', 'aut': 'E. Bunker', 'tit': 'No Beast So Fierce', 'num': '8', '#text': 'My pussy’s so long I use it for a jump rope'}, {'@class': 'new', 'date': '1975', 'aut': 'S. Selvon', 'tit': 'Moses Ascending', 'edn': '1984', 'num': '21', '#text': 'I hadn’t raised a black pussy since I was in England, being that white ones were more available'}, {'@class': 'N331', 'date': '1978', 'aut': 'L. Kramer', 'tit': 'Faggots', 'num': '71', '#text': 'He having been evacuated when she sensed aroma of pussy not her own'}, {'date': '1980', 'con': '1950s', 'aut': 'M. Thelwell', 'tit': 'Harder They Come', 'num': '112', 'i': 'can’ done pussy', '#text': 'You , so don’t mek it rule you'}, {'date': '1982', 'aut': 'P. Bailey', 'tit': 'An Eng. Madam', 'num': '72', '#text': 'He tried fingering my pussy, very gentle like'}, {'@class': 'N331', 'date': '1988', 'scaps': ['power', 'p'], '#text': '‘Ice T.’ ‘Power’ [lyrics]  it starts with  like pussy'}, {'date': '1993', 'aut': 'S. King', 'tit': 'Dolores Claiborne', 'num': '98', '#text': 'Has he had his penis into you, Selena? Has he had it in your pussy?'}, {'@class': 'new', 'date': '1996', 'aut': 'P. Beatty', 'tit': 'White Boy Shuffle', 'num': '6', '#text': 'Passing mashed potatoes and photos of pussy lesions around the table'}, {'@class': 'N331', 'date': '1998', 'tit': 'Source', 'num': '236', '#text': 'Oct. I never had eight [women] in a row, just running up trying to throw me the pussy'}, {'@class': 'N331', 'date': '1999', 'aut': 'J. Ridley', 'tit': 'Love Is a Racket', 'num': '39', '#text': 'What could I say? Thanks? Nice pussy?'}, {'date': '2000', 'aut': 'R. Antoni', 'tit': 'Grandmother’s Erotic Folktales', 'num': '185', '#text': 'Miss Dorothy went to the river to bathe / And Mr Catfish made a raid! [...] Miss Dorothy bawled, ‘Oh my! Oh me! / Look, Mr Catfish is nibbling me pussy!’'}, {'date': '2001', 'aut': 'N. Tosches', 'tit': 'Where Dead Voices Gather', 'num': '147', '#text': '(refs. to 1920s–30s)  (ms.) Speaking of early black vocal groups, slang terms for the female genitalia or vagina, and errant pullulations in country music, mention might here be made of the Old South Quartette’s ‘Pussy Cat Rag’ of 1928 [...] From there, it was not far to Bo Chatman’s 1931 ‘Pussy Cat Blues.’ The leap to country music came with a Western-swing recording called ‘Pussy, Pussy, Pussy,’ recorded in 1939 by the Light Crust Doughboys'}, {'@class': 'new', 'date': '2004', 'aut': 'L. Redhead', 'tit': 'Peepshow', '#text': '[ebook] The glossy paper had been shredded across her neck, boobs and pussy'}, {'date': '2006', 'aut': 'R. Antoni', 'tit': 'Carnival', 'num': '231', '#text': 'Listen here. You ain’t the first smooth-talking nigger to wet he prick with a little white pussy'}, {'@class': 'new', 'date': '2010', 'aut': 'A. Steinberg', 'tit': 'Running the Books', 'num': '55', '#text': 'You fucking cunt ass ho, you got the stinkiest damn pussy in this whole place'}, {'@class': 'new', 'date': '2015', 'aut': 'P. Beatty', 'tit': 'Sellout', 'edn': '2016', 'num': '230', '#text': 'Women of all creeds [and] colors [...] have to suffer through their partners humping them at two miles a minute and yelling ‘Who owns the pussy?’'}, {'@class': 'new17B wi', 'date': '2016', 'aut': 'Mavado', '#text': '‘Big Bumpa Gal’ [lyrics] If you know your pum-pum clean [...] your pussy good, your body tight'}]",the vagina; also attrib.,noun,pussy,1699,"in  II As fleet as my Feet, / Could convey me I sped, / To  who many / Times Pussey had fed",2016,"‘Big Bumpa Gal’ [lyrics] If you know your pum-pum clean [...] your pussy good, your body tight",pussy
mid-19C+,"[{'pre': '1583', 'aut': 'P. Stubbes', 'tit': 'Anatomie of Abuses', 'num': '55', '#text': 'He hath his pretie Pussie to huggle withall]'}, {'@first': 'yes', 'date': '1858', 'aut': 'Trollope', 'tit': 'Dr. Thorne', 'num': '56', '#text': 'You must have dear little pussy too. [...] Pussy was the youngest Miss Gresham'}, {'date': '1865', 'aut': 'H. Kingsley', 'tit': 'Hillyars and Burtons', 'edn': '1870', 'num': '81', '#text': 'How’s pussy? I was sorry for the old girl getting nabbed'}, {'date': '1885', 'aut': 'F. Locker', 'tit': 'Mabel', 'num': 'n.p.', 'org': 'F&H', '#text': 'My jealous Pussy cut up rough / The day before I bought her muff / With sable trimming'}, {'date': '1893', 'aut': 'Larry Chittenden', 'tit': 'Ranch Verses', 'num': '16', '#text': '‘The Cowboys’ Christmas Ball’ in  Purr ’round yer gentle pussies, neow rope ’em! Balance all!'}, {'date': '1935', 'aut': 'N. Algren', 'tit': 'Somebody in Boots', 'num': '110', '#text': 'Y’all know that, pussy?'}, {'@class': 'new', 'date': '1959', 'aut': 'J. Gosling', 'tit': 'Ghost Squad', 'num': '87', '#text': 'When a crook speaks about ‘the pussies’ he’s talking about furs — or women. They go together'}, {'@class': 'new18C', 'date': '2014', 'aut': 'Grizzle', '#text': '‘Mandem Salute’ [lyrics] See the pussy on the back doors getting slap, slap slap slap'}]",a (young) woman,noun,pussy,1583,He hath his pretie Pussie to huggle withall],2014,"‘Mandem Salute’ [lyrics] See the pussy on the back doors getting slap, slap slap slap",pussy
late 19C+,"[{'@first': 'yes', 'date': '1888–94', 'aut': '‘Walter’', 'tit': 'My Secret Life', 'edn': '1966', 'num': '222', '#text': 'II I had seen the girl’s virgin cunt, and recollect the look of pussy, belly, thighs and slit'}, {'@class': 'new19C', 'date': '1897', 'tit': 'School Life in Paris', 'num': '14', '#text': '‘Dkd you ever see such big voluptuous thighs?’ ‘Ah! but look at the “pussie” in between them!’'}, {'date': '1985', 'aut': 'J. Wambaugh', 'tit': 'Secrets of Harry Bright', 'edn': '1986', 'num': '145', '#text': '‘I used to date a girl with a pussy like that!’ ‘Green?’ said the club pro. ‘Velvet,’ said Otto'}, {'date': '2006', 'aut': 'G. Iles', 'tit': 'Turning Angel', 'num': '277', '#text': 'They all shave their pussies'}]",the female pubic hair,noun,pussy,1888,"II I had seen the girl’s virgin cunt, and recollect the look of pussy, belly, thighs and slit",2006,They all shave their pussies,pussy
late 19C-1940s,"[{'@class': 'new', '@first': 'yes', 'date': '1896', 'aut': '‘Frederick Benton Williams’', 'tit': 'On Many Seas', 'num': '226', '#text': '(H.E. Hamblen) He could have gloried in seeing the alternate white and red streaks rise on the paternal back in response to ‘Pussy’s’ gentle caresses'}, {'@class': 'new', 'date': '1935', 'tit': 'Townsville Dly Bulletin', 'num': '3/3', '#text': ""(Qld) 27 Aug. Convicts do not refer to the cat o' nine tails. They are ‘sent down for a dose of Pussy’""}, {'date': '1943', 'aut': 'J. Phelan', 'tit': 'Letters from the Big House', 'num': '37', '#text': 'Six with the pussy I had that time'}, {'date': '1989', 'aut': 'J. Morton', 'tit': 'Lowspeak', 'num': '116', '#text': 'Puss – the cat o’nine tails; a flogging'}]",the -o’-nine-tails,noun,pussy,1896,(H.E. Hamblen) He could have gloried in seeing the alternate white and red streaks rise on the paternal back in response to ‘Pussy’s’ gentle caresses,1989,Puss – the cat o’nine tails; a flogging,pussy
1920s,"[{'@class': 'new17C', 'pre': '1849', 'tit': 'Paul Pry', 'num': '5/1', '#text': ""5 Mar. Mr. W. W—n, the Wellclose square pussey, not to visit the Blakeney's Head so often, but to think more of the young woman in St. Luke’s]""}, {'@first': 'yes', 'date': '1925', 'aut': 'S. Lewis', 'tit': 'Arrowsmith', 'num': '64', '#text': 'You ought to hear some of the docs that are the sweetest old pussies with their patients – the way they bawl out the nurses'}, {'@class': 'new', 'date': '2012', 'tit': 'Mail & Guardian', '#text': '13 Apr. [Internet] Mike Tyson. Once described as ‘the baddest man on the planet’, he now says he is a ‘pussy’'}]","a gentle, kind person",noun,pussy,1849,"5 Mar. Mr. W. W—n, the Wellclose square pussey, not to visit the Blakeney's Head so often, but to think more of the young woman in St. Luke’s]",2012,"13 Apr. [Internet] Mike Tyson. Once described as ‘the baddest man on the planet’, he now says he is a ‘pussy’",pussy
1910s+,"[{'@class': 'new', '@first': 'yes', 'date': '1914', 'tit': 'Truth', 'num': '6/3', '#text': '(Melbourne) 10 Jan. That cheap philanthropy [...] pursued by all the purse-proud Pecksniffian pussies of the Commonwealth'}, {'date': '1920', 'aut': 'S. Lewis', 'tit': 'Main Street', 'edn': '1921', 'num': '124', '#text': 'Mrs. Westlake, wife of the veteran physician, marched into Carol’s living-room like an amiable old pussy'}, {'date': '1950', 'aut': 'A. Christie', 'tit': 'Murder Is Announced', 'edn': '1958', 'num': '32', '#text': 'Don’t you despise the old Pussies in this village of yours, my boy?'}, {'date': '1981', 'aut': 'J. Wambaugh', 'tit': 'Glitter Dome', 'edn': '1982', 'num': '170', 'i': 'The National Enquirer', '#text': 'Gibson Hand was irritated because a bunch of celebrity pussies were trying to put his favorite newspaper, , out of business'}, {'date': '1983', 'aut': 'W. Trevor', 'tit': 'Fools of Fortune', 'num': '145', '#text': '‘Foul old pussy,’ Cynthia said'}]","an old woman, usu. a spinster, who is inquisitive and meddling",noun,pussy,1914,(Melbourne) 10 Jan. That cheap philanthropy [...] pursued by all the purse-proud Pecksniffian pussies of the Commonwealth,1983,"‘Foul old pussy,’ Cynthia said",pussy
,"[{'@first': 'yes', 'date': '1938', 'aut': 'J. Weidman', 'tit': 'I Can Get It For You Wholesale', 'num': '48', '#text': 'I wouldn’t miss a second of this for all the pussy in Paris'}, {'date': '1941', 'aut': 'G. Legman', 'tit': 'Limerick', 'edn': '1953', 'num': '215', '#text': 'in [They] built a world-circling pussy cartel'}, {'@class': 'N331', 'date': '1952', 'aut': 'J. Jones', 'tit': 'From Here to Eternity', 'edn': '1998', 'num': '5', '#text': '‘Private pussies dont grow on trees,’ he said. ‘Whores are all right, for the first year’'}, {'date': '1956', 'aut': 'S. Selvon', 'tit': 'Lonely Londoners', 'num': '100', '#text': 'Boy, it have bags of white pussy in London'}, {'@class': 'N331', 'date': '1964', 'aut': 'H. Selby Jr', 'tit': 'Last Exit to Brooklyn', 'edn': '1966', 'num': '117', '#text': 'Harry asked them not to go, hang around a while. Well get us some pussy later'}, {'date': '1966', 'aut': 'H.S. Thompson', 'tit': 'Hell’s Angels', 'edn': '1967', 'num': ['24', '200'], '#text': 'I wasn’t hurtin’ for pussy anyway. [Ibid.] The new pussy would dance a bit, drink a few beers, then roar off into the night with her Shane'}, {'@class': 'N331', 'date': '1966', 'aut': 'T. Keyes', 'tit': 'All Night Stand', 'num': '86', '#text': '‘What do you want to see then?’ [...] ‘Everything. And lots of pussy.’'}, {'@class': 'N331', 'date': '1970', 'aut': 'A. Young', 'tit': 'Snakes', 'edn': '1971', 'num': '79', '#text': 'Do you want some pussy? [...] Didn’t you come up here to hit on me, or what?'}, {'@class': 'N331', 'date': '1970', 'aut': 'E. Tidyman', 'tit': 'Shaft', 'num': '101', '#text': 'You just found a new way to chase pussy'}, {'date': '1972', 'aut': 'D. Jenkins', 'tit': 'Semi-Tough', 'num': '9', '#text': 'I believe a cat could hang around with you and get hisself some white pussy'}, {'date': '1974', 'aut': 'J. Matthews', 'tit': 'The Park and Other Stories', 'edn': '1983', 'num': '21', '#text': '‘Dose whities a case,’ Sly said sourly [...] ‘Yah. Dey come looking forra black pussy.’'}, {'@class': 'N331', 'date': '1977', 'aut': 'L. Heinemann', 'tit': 'Close Quarters', 'edn': '1987', 'num': '32', '#text': 'He gets his pussy, why shouldn’t we get ours?'}, {'date': '1977', 'aut': 'A. Brooke', 'tit': 'Last Toke', 'num': '9', '#text': 'New York full of pussy givin’ itself away fo’ drinks an’ a meal'}, {'date': '1984', 'aut': 'C. White', 'tit': 'Life  and Times of Little Richard', 'num': '152', '#text': 'Gloria says she was the first one that ever gave Richard some pussy'}, {'@class': 'N331', 'date': '1989', 'aut': 'C. Hiaasen', 'tit': 'Skin Tight', 'num': '119', '#text': 'Money was money, pussy was pussy'}, {'date': '1990', 'con': 'early 1950s', 'aut': 'J. Ellroy', 'tit': 'L.A. Confidential', 'num': '124', '#text': 'Let’s talk about pussy. Did you get laid last night?'}, {'@class': 'N331', 'date': '1994', 'aut': 'EPMD', 'tit': 'Business As Usual', '#text': '‘Mr Bozack’ [lyrics] on [album] E: I was hard (how hard) hard enuff to buck (Shit, you didn’t rush the pussy) see, I stuffed her like a duck. P: Mr. Bozack (what) you went out like a sucker. E: Not me, G, P, cuz you the one who bucked her'}, {'date': '1995', 'aut': 'Mack 10', '#text': '‘Based on a True Story’ [lyrics] If people out there, not hip to the fact / Strawberry is a girl, sellin pussy for crack'}, {'@class': 'N331', 'date': '1997', 'con': '1970s', 'aut': 'G. Pelecanos', 'tit': 'King Suckerman', 'edn': '1998', 'num': '131', '#text': 'This guy gets more pussy than you ever had a dream about'}, {'@class': 'N331', 'date': '1998', 'aut': 'I. Welsh', 'tit': 'Filth', 'num': '205', '#text': 'The Motley Crüe album [...] which has mair references to hot pussy'}, {'@class': 'N331', 'date': '1999', 'tit': 'Observer', 'num': '13', '#text': 'Rev. 10 Oct. Endless discussions about ‘pussy’ and companionable sessions ogling photos of women having sex with pigs'}, {'@class': 'N331', 'date': '2000', 'aut': 'G.V. Higgins', 'tit': 'At End of Day', 'edn': '2001', 'num': '8', '#text': 'No women, ever, on the job [...] Cannot mix pussy and work'}, {'date': '2001', 'con': '1975–6', 'aut': 'E. Little', 'tit': 'Steel Toes', 'num': '19', '#text': 'You know I’m state-raised [...] when the fuck am I supposed to of had any pussy'}, {'@class': 'N331', 'date': '2003', 'aut': 'G. Tate', 'tit': 'Midnight Lightning', 'num': '88', '#text': 'He wasn’t asking for no pussy [...] He was like a monk'}, {'date': '2004', 'aut': 'M.B. ‘Chopper’ Read', 'tit': 'Chopper 3', 'num': '34', '#text': 'I manage to pull more pussy than a Chinese restaurant'}, {'@class': 'new', 'date': '2010', 'aut': 'K. Richards', 'tit': 'Life', 'num': 'Dr. Bill was there [...] primarily for the pussy'}]",a general term for women in pl. or a woman/vagina as representing sex; thus sexual intercourse itself (uses are often indistinguishable); also attrib,noun,pussy,1938,I wouldn’t miss a second of this for all the pussy in Paris,2010,,pussy
1930s+,"[{'@first': 'yes', 'date': '1938', 'aut': 'X. Herbert', 'tit': 'Capricornia', 'edn': '1939', 'num': '425', '#text': 'You couldn’t shoot pussy'}, {'date': '1941', 'aut': 'Baker', 'tit': 'Popular Dict. Aus. Sl.', 'num': '58', 'i': 'Pussy', '#text': ', a rabbit'}]",a rabbit,noun,pussy,1938,You couldn’t shoot pussy,1941,", a rabbit",pussy
1930s+,"[{'@class': 'new17A', 'pre': '1920', 'aut': 'A. Baer', 'tit': 'Two & Three', '#text': '16 Jan. [synd. col.] A genuine seal coat that used to meow when it was alive and walk fence tops like Blondin]'}, {'@class': 'uk', '@first': 'yes', 'date': '1937', 'aut': '‘David Hulme’', 'tit': 'Halfway to Horror', 'num': '4', 'org': 'OED', '#text': 'Those who steal furs handle them as ‘pussies’'}, {'date': '1956', 'aut': '‘Charles Raven’', 'tit': 'Und. Nights', 'num': ['21', '195'], '#text': 'We opened up in thirty seconds dead and Fanlight led the way straight to the pussies. [Ibid.] When Messrs Schwartz’ pussy-shop was screwed he was safely locked up'}, {'date': '1957', 'aut': 'P. Beveridge', 'tit': 'Inside the C.I.D.', 'num': '35', '#text': 'He went on: ‘There’s a load of ‘pussies’ (furs) in the fourth shed in the alley’'}, {'date': '1977', 'aut': 'D. Powis', 'tit': 'Signs of Crime', 'num': '198', '#text': 'Pussies Furs'}, {'date': '1989', 'aut': 'J. Morton', 'tit': 'Lowspeak'}]","a fur garment; thus , stealing furs; , a gang of fur thieves; , a furrier’s",noun,pussy,1920,16 Jan. [synd. col.] A genuine seal coat that used to meow when it was alive and walk fence tops like Blondin],1989,,pussy
1940s+,"[{'pre': '1914', 'aut': 'Ade', 'tit': 'Ade’s Fables', 'num': '85', '#text': '‘The New Fable of the Father Who Jumped In’ in Father came in and took one look and said: ‘Not for Mine! I won’t stand for any Puss Willow being grafted on to our Family Tree.’ His name was Kenneth [...] it was rumored that he put oil on his Eye-Brows and rubbed Perfumery on the backs of his Hands]'}, {'@first': 'yes', 'date': '1942', 'aut': 'Berrey & Van den Bark', 'tit': 'Amer. Thes. Sl.'}, {'date': '1949', 'aut': 'Monteleone', 'tit': 'Criminal Sl.', 'edn': 'rev. edn', 'num': '185', 'scaps': 'pussy', '#text': 'An effeminate boy'}, {'date': '1967', 'aut': 'M. Braly', 'tit': 'On the Yard', 'edn': '2002', 'num': '56', '#text': '‘See the sweet little bull?’ an anonymous voice asked [...] ‘Pussy on the gun rail,’ another voice called'}, {'@class': 'N331', 'date': '1967', 'aut': 'P. Thomas', 'tit': 'Down These Mean Streets', 'edn': '1970', 'num': '122', '#text': 'Smile, pussy, when you come up like that'}, {'date': '1972', 'aut': 'T. O’Brien', 'tit': 'If I Die in a Combat Zone', 'edn': '1980', 'num': '49', '#text': '‘A couple of college pussies [...] Out behind them barracks hiding from everyone and making some love, huh?’ [...] ‘College puss almost ain’t enough for good fuckin’.’'}, {'date': '1992', 'aut': 'J. Mowry', 'tit': 'Way Past Cool', 'num': '81', '#text': 'Somebody dint know you, figure you maybe for a puss'}]",a male homosexual; or a man judged to be or teased as being so,noun,pussy,1914,‘The New Fable of the Father Who Jumped In’ in Father came in and took one look and said: ‘Not for Mine! I won’t stand for any Puss Willow being grafted on to our Family Tree.’ His name was Kenneth [...] it was rumored that he put oil on his Eye-Brows and rubbed Perfumery on the backs of his Hands],1992,"Somebody dint know you, figure you maybe for a puss",pussy
1950s+,"[{'@first': 'yes', 'ante': '1953', 'aut': 'D. Wepman', 'tit': 'Life', 'edn': '1976', 'num': '120', '#text': '‘Death Row’ in  et al. Jim turned stone pussy and screamed and wailed'}, {'date': '1967', 'aut': 'F. Salas', 'tit': 'Tattoo the Wicked Cross', 'edn': '1981', 'num': '208', '#text': 'Beat on the punk, / knock him around, / bloody him up, / make him bawl like a broke-dick-dog, / like pussy, / punk-punk-punk'}, {'@class': 'N331', 'date': '1969', 'aut': '‘Iceberg Slim’', 'tit': 'Pimp', 'num': '98', '#text': 'I’m not a pussy'}, {'@class': 'N331', 'date': '1974', 'con': '1960s', 'aut': 'R. Price', 'tit': 'Wanderers', 'num': '81', '#text': 'Fuck it, you guys are pussies'}, {'date': '1975', 'aut': 'E. Torres', 'tit': 'Carlito’s Way', 'num': '30', '#text': 'He screamed like a pussy'}, {'@class': 'N331', 'date': '1977', 'con': '1960s', 'aut': 'D. Goines', 'tit': 'Black Gangster', 'edn': '1991', 'num': '243', '#text': 'He thinks your middle name is Pussy'}, {'@class': 'N331', 'date': '1981', 'aut': 'J. Wambaugh', 'tit': 'Glitter Dome', 'edn': '1982', 'num': '186', '#text': 'Don’t be a pussy'}, {'@class': 'new', 'date': '1989', 'aut': 'A. Vachss', 'tit': 'Hard Candy', 'edn': '1990', 'num': '152', '#text': 'A pussy in his heart. He ain’t got the stones'}, {'date': '1990', 'aut': 'Bill Hicks', '#text': '[perfomance] How much do you smoke a day, dude? [...] Pack an’ a half. You little puss'}, {'date': '1991', 'aut': 'B. Hamper', 'tit': 'Rivethead', 'edn': '1992', 'num': '102', '#text': 'The crowd was screeching for a kill. ‘Hit him with your purse, you pussy!’ shouted one fine American'}, {'@class': 'N331', 'date': '1992', 'aut': 'J. Mowry', 'tit': 'Way Past Cool', 'num': '9', '#text': 'An you stop actin like a goddam puss! Spose you wanna go to ’mergency, now?'}, {'@class': 'N331', 'date': '1999', 'tit': 'Indep. on Sun.', 'num': '5', '#text': 'Real Life 7 Nov. My wife misses the point [...] preferring to believe it stems from my being, to use one of her adopted Americanisms, ‘a pussy’'}, {'date': '2000', 'tit': 'Hip-Hop Connection', 'num': '47', '#text': 'Jan./Feb. When you go to war you don’t necessarily have to win but you don’t want to be considered a pussy'}, {'@class': 'N331', 'date': '2004', 'aut': 'C. Hiaasen', 'tit': 'Skinny Dip', 'num': '154', '#text': 'Tool right away marked the guy as a gym pussy'}, {'date': '2006', 'aut': 'G. Iles', 'tit': 'Turning Angel', 'num': '158', '#text': 'Chris [...] kept calling Jimmy a pussy'}, {'@class': 'N331', 'date': '2008', 'aut': 'A. Wheatle', 'tit': 'Dirty South', 'num': '1', '#text': 'Before all you know-it-all pussies start thinking that this is the story of some young black guy [...] you’re wrong'}, {'@class': 'new', 'date': '2010', 'aut': 'A. Steinberg', 'tit': 'Running the Books', 'num': '329', '#text': 'A man must marry, or he’s a pussy [...] if the man doesn’t have extramarital affairs, he’s a pussy'}, {'@class': 'new18D', 'date': '2015', 'aut': 'N. Cummins', 'tit': 'Tales of the Honey Badger', '#text': '[ebook] Lions [...] Nothing but big pussies when faced with a honey badger'}, {'@class': 'new16', 'date': '2016', 'aut': 'A. Wheatle', 'tit': 'Crongton Knights', 'num': '6', '#text': '‘Why are you scared of them pussies?’'}, {'@class': 'new17C N331', 'date': '2017', 'aut': 'D. Winslow', 'tit': 'The Force', '#text': '[ebook] ‘Russo’s a total pussy about this [i.e. corpses] and might faint’'}, {'@class': 'new19B', 'date': '2019', 'aut': 'S.M. Jones', 'tit': 'Lives Laid Away', '#text': '[ebook] ‘Awnings are for pussies,’ Tomás said. ‘We’re Mexican! We don’t need no stinkin’ awning!’'}]","a coward, a weakling, with an implication of homosexuality",noun,pussy,1953,‘Death Row’ in  et al. Jim turned stone pussy and screamed and wailed,2019,"[ebook] ‘Awnings are for pussies,’ Tomás said. ‘We’re Mexican! We don’t need no stinkin’ awning!’",pussy
1960s–70s,"[{'@first': 'yes', 'date': '1965', 'aut': 'B. Jackson', 'tit': 'Get Your Ass in the Water', 'edn': '1974', 'num': '206', '#text': 'Another agent sold his pussy for forty-four sticks, / he smoked like a madman and soon got his kick'}, {'date': '1972', 'aut': 'B. Rodgers', 'tit': 'Queens’ Vernacular'}, {'date': '1978', 'aut': 'L. Kramer', 'tit': 'Faggots', 'num': '153', '#text': 'Jam that nigger stick into my pussy muff'}, {'date': '1988', 'con': '1940s', 'aut': 'C. Bram', 'tit': 'Hold Tight', 'edn': '1990', 'num': '189', '#text': 'If it’s just pussy you want, forget it'}, {'date': '1993', 'aut': 'A. Travis', 'tit': 'Big Shots', 'num': '154', '#text': 'Kip’ll find it too hard, getting five old geezers a week to stuff some cash up his pussy'}, {'@class': 'new', 'date': '1999', 'aut': 'T. Fontana', 'tit': 'Oz', '#text': ""‘Napoleon's Boney Parts’  ser. 3 ep. 2 [TV script] Cyril [...] why don’t you give us some of that sweet pussy I’ve been hearing about""}]","the anus, i.e. a play on sense 1",noun,pussy,1965,"Another agent sold his pussy for forty-four sticks, / he smoked like a madman and soon got his kick",1999,‘Napoleon's Boney Parts’  ser. 3 ep. 2 [TV script] Cyril [...] why don’t you give us some of that sweet pussy I’ve been hearing about,pussy
1970s,"{'@first': 'yes', 'date': '1979', 'aut': '‘Iceberg Slim’', 'tit': 'Airtight Willie and Me', 'num': '40', '#text': '‘Ain’t you leery?’ I said stoutly, ‘I’m not into pussy, Sugar Pie.’'}",cowardice,noun,pussy,1979,"‘Ain’t you leery?’ I said stoutly, ‘I’m not into pussy, Sugar Pie.’",1979,"‘Ain’t you leery?’ I said stoutly, ‘I’m not into pussy, Sugar Pie.’",pussy
1980s,"{'@first': 'yes', 'date': '1987', 'con': '1967', 'aut': 'E. Spencer', 'tit': 'Welcome to Vietnam', 'edn': '1989', 'num': '25', '#text': 'Long-range rifle fire is jacking off. Real close is pussy'}","in fig. use of sense 1, the ‘real thing’, i.e. as opposed to masturbation",noun,pussy,1987,Long-range rifle fire is jacking off. Real close is pussy,1987,Long-range rifle fire is jacking off. Real close is pussy,pussy
2010s,"{'@class': 'new', '@first': 'yes', 'date': '2015', 'tit': 'www.reddit.com/r/SRSDiscussion/comments/371azf/gay_slang_and_gender_slurs/', '#text': ""[Internet] If a trans gender woman passes well for a cis gender woman [...] you might say she’s ‘fish’ (referring to the smell of a woman's vagina!) or ‘pussy’""}",a trans gender woman who passes satisfactorily as cis gender,noun,pussy,2015,[Internet] If a trans gender woman passes well for a cis gender woman [...] you might say she’s ‘fish’ (referring to the smell of a woman's vagina!) or ‘pussy’,2015,[Internet] If a trans gender woman passes well for a cis gender woman [...] you might say she’s ‘fish’ (referring to the smell of a woman's vagina!) or ‘pussy’,pussy
mid-19C–1910s,"[{'@first': 'yes', 'date': '1844', 'aut': '‘Jonathan Slick’', 'tit': 'High Life in N.Y.', 'num': 'I 149', '#text': 'My pussey cousin seemed to swell up bigger and bigger every minit'}, {'date': '1907', 'aut': 'J.W. Carr', 'tit': 'DN', 'num': '197', 'i': ['pussy', 'adj'], '#text': '‘Word-List of Hampstead, N.H.’ in  III iii , . Corpulent. ‘He ain’ty use to be so pussy.’ Rhymes with fussy'}, {'date': '1914', 'aut': 'G.A. England', 'tit': 'DN', 'num': '78', 'b': 'pussy', 'i': 'adj', '#text': '‘Rural Locutions of Maine and Northern New Hampshire’ in  IV:ii , . Stout, fat'}]","fat, corpulent",adjective,pussy,1844,My pussey cousin seemed to swell up bigger and bigger every minit,1914,"‘Rural Locutions of Maine and Northern New Hampshire’ in  IV:ii , . Stout, fat",pussy
20C+,"[{'@first': 'yes', 'date': '1906', 'aut': 'S. Ford', 'tit': 'Shorty McCabe', 'num': '30', '#text': 'He was a pussy, bald-headed little duffer, this citizen chap, and not bein’ used to blockin’ runs he goes down underneath'}, {'@class': 'N331', 'date': '1907', 'aut': 'S.E. White', 'tit': 'Arizona Nights', 'num': '38', '#text': 'How’d you like to be doin’ a nice quiet job at gardenin’ in the East, where you could belly up to the bar reg’lar every evenin’, and drink a pussy café and smoke tailor-made cigarets?'}, {'date': '1918', 'aut': 'R.H. Knyvett', 'tit': '‘Over There’ with the Australians', 'num': '60', '#text': 'The boxing and wrestling matches always held the crowd [...] These were no ‘pussy’ shows, for we had some professionals among us'}, {'date': '1961', 'con': 'early 1950s', 'aut': 'J. Peacock', 'tit': 'Valhalla', 'num': '255', '#text': 'That’s a pussy good idea!'}, {'date': '1989', 'aut': 'Hackforth & Sherman', 'tit': 'About Face', 'edn': '1991', 'num': '91', '#text': 'Infantrymen were fighters, not writers [...] we didn’t have time for such ‘pussy’ stuff'}, {'date': '1991', 'aut': 'B. Hamper', 'tit': 'Rivethead', 'edn': '1992', 'num': '35', '#text': 'Hell, these jobs they gave us are pussy detail [...] we’ll be sittin’ on our asses half the time while bringin’ home three or four bills a week'}]","easy, undemanding (the inference being not worthy of a ‘real man’)",adjective,pussy,1906,"He was a pussy, bald-headed little duffer, this citizen chap, and not bein’ used to blockin’ runs he goes down underneath",1991,"Hell, these jobs they gave us are pussy detail [...] we’ll be sittin’ on our asses half the time while bringin’ home three or four bills a week",pussy
1950s+,"[{'@first': 'yes', 'date': '1967–8', 'aut': 'Baker', 'tit': 'CUSS', '#text': 'et al.'}, {'date': '1973', 'aut': 'C. Browne', 'tit': 'Body Shop', 'num': '27', '#text': 'Why don’t they put their pussy behinds down there in the bush for one rainy night'}, {'date': '1976', 'aut': 'P. Conroy', 'tit': 'Great Santini', 'edn': '1977', 'num': '438', '#text': 'Junior, did I ever tell you that you were a pussy football player?'}, {'date': '1986', 'aut': 'S. King', 'tit': 'It', 'edn': '1987', 'num': '36', '#text': 'Avarino, who could almost read this hairbag’s pussy little mind, suspected he was thinking about his stepfather again'}, {'date': '1995', 'con': '1985–90', 'aut': 'P. Bourjois', 'tit': 'In Search of Respect', 'num': '88', '#text': 'That nigga’ was talking shit for a long time, about how we pussy'}, {'@class': 'new', 'date': '1999', 'aut': 'T. Fontana', 'tit': 'Oz', '#text': '‘Legs’  ser. 3 ep. 3 [TV script] ‘You didn’t kill Metzger?’ ‘No. How could a little pussy bitch like me hurt anyone?’'}, {'@class': 'N331', 'date': '1998', 'tit': 'Source', 'num': '188', '#text': 'Oct. A good 98% of these rappers are pussy, fuckin’ liars that didn’t do half the shit they say they did'}, {'@class': 'N331', 'date': '1999', 'tit': 'Observer', 'num': '31', '#text': 'Mag. 1 Aug. Fuck this, I thought, this is pussy music [...] Those guitars aren’t electric!'}, {'@class': 'N331', 'date': '2000', 'aut': 'F. Kellerman', 'tit': 'Stalker', 'edn': '2001', 'num': '571', '#text': 'You’re not going to go pussy on me now, are you?'}, {'date': '2000', 'tit': 'Guardian', 'num': '8', '#text': 'Guide 5–11 Feb. Sorry-ass niggaz; pussy niggaz; white niggaz'}, {'@class': 'N331', 'date': '2001', 'tit': 'Eve. Standard', 'num': '42', '#text': 'Mag. 23 Feb. Pussy gamblers can’t go wrong when the betting starts at 10p'}, {'@class': 'N331', 'date': '2005', 'aut': 'K. Huff', 'tit': 'A Steady Rain', 'num': 'I ii', '#text': 'Shoot him, Willy! Shoot him, you pussy wimp shit motherfucker!'}, {'date': '2008', 'aut': 'A. Wheatle', 'tit': 'Dirty South', 'num': '102', '#text': 'I ain’t gonna waste my energy on pussy non-believers'}, {'@class': 'new', 'date': '2012', 'aut': 'C. Stella', 'tit': 'Rough Riders', 'num': '212', '#text': 'You’re a pussy lawyer, huh? [...] That figures'}, {'@class': 'new16', 'date': '2016', 'aut': 'Jeezy', '#text': '‘Recipe’ [lyrics] Yeah they thought that I was dead, I got nine lives / Pussy niggas want me dead, you had nine tries'}]","scared, cowardly",adjective,pussy,1967,et al.,2016,"‘Recipe’ [lyrics] Yeah they thought that I was dead, I got nine lives / Pussy niggas want me dead, you had nine tries",pussy
1960s+,"[{'@first': 'yes', 'date': '1967', 'aut': 'F. Salas', 'tit': 'Tattoo the Wicked Cross', 'edn': '1981', 'num': '85', 'i': 'Pussy', '#text': 'was the dirtiest name a guy could be called'}, {'@class': 'N331', 'date': '1974', 'con': '1940s', 'aut': 'E. Thompson', 'tit': 'Tattoo', 'edn': '1977', 'num': '75', '#text': 'It never worked the other way around unless some guy went pussy himself over some cunt'}, {'date': '1974', 'aut': 'C. Loken', 'tit': 'Come Monday Morning', 'num': '58', '#text': 'Man he had a good strong face too not soft’n pussy like those faggots'}, {'date': '1986', 'aut': 'L. Heinemann', 'tit': 'Paco’s Story', 'edn': '1987', 'num': '11', '#text': 'Ice-cold raspbery daiquiris and vodka sours [...] pussy drinks, bartenders call them'}, {'@class': 'N331', 'date': '1994', 'aut': 'G. Indiana', 'tit': 'Rent Boy', 'num': '30', 'i': 'crazy', '#text': 'That wet hole is making me , ride that stiff meat, pussy-ass, here I come'}, {'date': '2000', 'tit': 'Guardian', 'num': '8', '#text': 'Guide 5–11 Feb. The fear is that blatant cross-hugging could end up earning you the same rep as that high-heeled, pussy-nigga version of Cliff Richard, Prince'}, {'date': '2003', 'tit': 'Bug', '#text': '(Aus.) Aug. [Internet] Ghoul and Stewheart sprayed this skirt, sissy, pussy, sheila stuff – or whatever moniker you fancy – in the direction of the video ref’s box'}, {'date': '2007', 'aut': 'UGK', '#text': '‘Swisha And Dosha’ [lyrics] I keep a whole sip (whole sip), a whole clip (a whole clip) / in case these pussy niggaz wanna trip (uh!)'}]","effeminate, implying homosexuality",adjective,pussy,1967,was the dirtiest name a guy could be called,2007,"‘Swisha And Dosha’ [lyrics] I keep a whole sip (whole sip), a whole clip (a whole clip) / in case these pussy niggaz wanna trip (uh!)",pussy
1970s+,"{'@first': 'yes', 'date': '1975', 'aut': 'J. Wambaugh', 'tit': 'Choirboys', 'edn': '1976', 'num': '108', '#text': 'I shoulda got suspicious when the pussy kiddy cop caught me in civvies and asked to let her snap a Polaroid a me'}",female,adjective,pussy,1975,I shoulda got suspicious when the pussy kiddy cop caught me in civvies and asked to let her snap a Polaroid a me,1975,I shoulda got suspicious when the pussy kiddy cop caught me in civvies and asked to let her snap a Polaroid a me,pussy
1970s+,"[{'@first': 'yes', 'date': '1977', 'aut': 'A. Brooke', 'tit': 'Last Toke', 'num': '18', '#text': 'She got that dude ready to come all over the pussy money he done come out to spend'}, {'date': '1990', 'aut': 'R. Campbell', 'tit': 'Sweet La-La Land', 'edn': '1999', 'num': '182', '#text': 'He had this bachelor party. All men except for the pussy act and twenty hookers'}, {'date': '2001', 'con': '1964–8', 'aut': 'J. Ellroy', 'tit': 'Cold Six Thousand', 'num': '598', '#text': 'He’d read these fucking pussy books and orbit. He said the fucking pictures were talking to him'}]",pertaining to sex; pornographic,adjective,pussy,1977,She got that dude ready to come all over the pussy money he done come out to spend,2001,He’d read these fucking pussy books and orbit. He said the fucking pictures were talking to him,pussy
1980s+,"[{'@first': 'yes', 'date': '1986', 'aut': 'S. King', 'tit': 'It', 'edn': '1987', 'num': '804', '#text': 'You don’t have to pick corn or go do some pussy job?'}, {'date': '1990', 'aut': 'R. Campbell', 'tit': 'Sweet La-La Land', 'edn': '1999', 'num': '168', '#text': 'This charge you want to put against Younger is pussy'}, {'@class': 'new', 'date': '2011', 'aut': 'J. Callaway', 'tit': 'Pulp Ink', '#text': '‘Misirlou’ in  [ebook] The black girl [...] said, ‘Fuck you, pussy punk!’'}]","useless, insignificant",adjective,pussy,1986,You don’t have to pick corn or go do some pussy job?,2011,"‘Misirlou’ in  [ebook] The black girl [...] said, ‘Fuck you, pussy punk!’",pussy
1910s+,"[{'@first': 'yes', 'date': '1919', 'aut': 'E. Dyson', 'tit': '‘Hello, Soldier!’', 'num': '31', '#text': '‘Bricks’ in Son pussied on his bingie [...] and he slugged a tubby Hun'}, {'date': '1974', 'aut': 'J. Charyn', 'tit': 'Marilyn The Wild', 'edn': '2003', 'num': '123', '#text': 'Downtown, Isaac, that’s where we belong. Why are you pussying up here?'}, {'date': '1975', 'tit': 'Bulletin', 'num': '45', '#text': '(Sydney) 26 Apr. Marg pussies in to slew the manager and Ratty Jack is stallin’ close by waitin’ to entertain the mugs with his fit bit. I was gonna take'}]",to move (in) quietly or unobtrusively,verb,pussy,1919,‘Bricks’ in Son pussied on his bingie [...] and he slugged a tubby Hun,1975,(Sydney) 26 Apr. Marg pussies in to slew the manager and Ratty Jack is stallin’ close by waitin’ to entertain the mugs with his fit bit. I was gonna take,pussy
1960s+,"[{'@first': 'yes', 'date': '1973', 'con': 'mid-1960s', 'aut': 'J. Patrick', 'tit': 'Glasgow Gang Observed', 'num': '235', '#text': 'Pussyin’ aroun’ – playing about, mostly used in a sexual context'}, {'date': '1993', 'aut': 'R. Shell', 'tit': 'Iced', 'num': '195', '#text': 'I [...] partied, pussied and drugged in the early 80s'}]","of a man, to play sexual games, to have sexual intercourse",verb,pussy,1973,"Pussyin’ aroun’ – playing about, mostly used in a sexual context",1993,"I [...] partied, pussied and drugged in the early 80s",pussy
